itemnr,Location,Threshold 1,Threshold 2,Threshold 3,Threshold 4,relative_avg_loc,relative_lowest_tloc,relative_highest_tloc,all_item_avg
q1n,1.458,-0.428,0.871,2.211,3.178,0.8825714285714286,-1.0034285714285713,3.178,0.5754285714285714
q2n,1.05,-0.536,0.669,1.435,2.633,0.47457142857142864,-1.1114285714285714,2.633,0.5754285714285714
q3n,-0.035,-2.023,-0.629,0.839,1.674,-0.6104285714285714,-2.5984285714285713,1.674,0.5754285714285714
q8n,0.298,-1.676,-0.159,1.174,1.852,-0.2774285714285714,-2.2514285714285713,1.852,0.5754285714285714
q11n,1.237,-0.684,0.889,1.796,2.948,0.6615714285714287,-1.2594285714285713,2.948,0.5754285714285714
q12n,-1.03,-2.946,-1.68,-0.348,0.853,-1.6054285714285714,-3.5214285714285714,0.853,0.5754285714285714
q14n,1.05,-0.511,0.76,1.749,2.201,0.47457142857142864,-1.0864285714285713,2.201,0.5754285714285714
